R-RMNY,PAGE,URL
0017-RMNY-0353,0097,http://mek.oszk.hu/08800/08838/html/hu_b1_rmk-1-113a_105.html
1404-RMNY-0353,0103,http://mek.oszk.hu/08800/08838/html/hu_b1_rmk-1-113a_112.html
0104-RMNY-0353,0109,http://mek.oszk.hu/08800/08838/html/hu_b1_rmk-1-113a_118.html
1348-RMNY-0353,0113,http://mek.oszk.hu/08800/08838/html/hu_b1_rmk-1-113a_121.html
0905-RMNY-0353,0124,http://mek.oszk.hu/08800/08838/html/hu_b1_rmk-1-113a_133.html
0906-RMNY-0353,0126,http://mek.oszk.hu/08800/08838/html/hu_b1_rmk-1-113a_135.html
3501-RMNY-0353,0169,http://mek.oszk.hu/08800/08838/html/hu_b1_rmk-1-113a_178.html
1444-RMNY-0353,0185,http://mek.oszk.hu/08800/08838/html/hu_b1_rmk-1-113a_194.html
1445-RMNY-0353,0189,http://mek.oszk.hu/08800/08838/html/hu_b1_rmk-1-113a_197.html
0899-RMNY-0353,0231,http://mek.oszk.hu/08800/08838/html/hu_b1_rmk-1-113a_240.html
2018-RMNY-0353,0296,http://mek.oszk.hu/08800/08838/html/hu_b1_rmk-1-113a_305.html
3506-RMNY-0353,0299,http://mek.oszk.hu/08800/08838/html/hu_b1_rmk-1-113a_307.html
3505-RMNY-0353,0309,http://mek.oszk.hu/08800/08838/html/hu_b1_rmk-1-113a_318.html
0926-RMNY-0353,0016,http://mek.oszk.hu/08800/08838/html/hu_b1_rmk-1-113a_387.html
1193-RMNY-0353,0036,http://mek.oszk.hu/08800/08838/html/hu_b1_rmk-1-113a_406.html
0171-RMNY-0353,0043,http://mek.oszk.hu/08800/08838/html/hu_b1_rmk-1-113a_415.html
0199-RMNY-0353,0045,http://mek.oszk.hu/08800/08838/html/hu_b1_rmk-1-113a_417.html
0963-RMNY-0353,0055,http://mek.oszk.hu/08800/08838/html/hu_b1_rmk-1-113a_426.html
0979-RMNY-0353,0058,http://mek.oszk.hu/08800/08838/html/hu_b1_rmk-1-113a_429.html
0900-RMNY-0353,0062,http://mek.oszk.hu/08800/08838/html/hu_b1_rmk-1-113a_433.html
0863-RMNY-0353,0064,http://mek.oszk.hu/08800/08838/html/hu_b1_rmk-1-113a_436.html
1150-RMNY-0353,0068,http://mek.oszk.hu/08800/08838/html/hu_b1_rmk-1-113a_439.html
0195-RMNY-0353,0077,http://mek.oszk.hu/08800/08838/html/hu_b1_rmk-1-113a_449.html
1417-RMNY-0353,0080,http://mek.oszk.hu/08800/08838/html/hu_b1_rmk-1-113a_452.html
1160-RMNY-0353,0082,http://mek.oszk.hu/08800/08838/html/hu_b1_rmk-1-113a_453.html
0075-RMNY-0353,0082,http://mek.oszk.hu/08800/08838/html/hu_b1_rmk-1-113a_453.html
0142-RMNY-0353,0082,http://mek.oszk.hu/08800/08838/html/hu_b1_rmk-1-113a_454.html
0968-RMNY-0353,0083,http://mek.oszk.hu/08800/08838/html/hu_b1_rmk-1-113a_455.html
0960-RMNY-0353,0084,http://mek.oszk.hu/08800/08838/html/hu_b1_rmk-1-113a_455.html
0207-RMNY-0353,0084,http://mek.oszk.hu/08800/08838/html/hu_b1_rmk-1-113a_456.html
0214-RMNY-0353,0085,http://mek.oszk.hu/08800/08838/html/hu_b1_rmk-1-113a_456.html
0879-RMNY-0353,0086,http://mek.oszk.hu/08800/08838/html/hu_b1_rmk-1-113a_458.html
1298-RMNY-0353,0093,http://mek.oszk.hu/08800/08838/html/hu_b1_rmk-1-113a_465.html
1366-RMNY-0353,0095,http://mek.oszk.hu/08800/08838/html/hu_b1_rmk-1-113a_466.html
1439-RMNY-0353,0097,http://mek.oszk.hu/08800/08838/html/hu_b1_rmk-1-113a_469.html
1215-RMNY-0353,0101,http://mek.oszk.hu/08800/08838/html/hu_b1_rmk-1-113a_474.html
1219-RMNY-0353,0109,http://mek.oszk.hu/08800/08838/html/hu_b1_rmk-1-113a_482.html
0025-RMNY-0353,0110,http://mek.oszk.hu/08800/08838/html/hu_b1_rmk-1-113a_483.html
0059-RMNY-0353,0125,http://mek.oszk.hu/08800/08838/html/hu_b1_rmk-1-113a_497.html
0943-RMNY-0353,0092,http://mek.oszk.hu/08800/08838/html/hu_b1_rmk-1-113a_464.html
0154-RMNY-0353,0068,http://mek.oszk.hu/08800/08838/html/hu_b1_rmk-1-113a_440.html
0199-RMNY-0357,0023,http://mek.oszk.hu/12400/12441/html/RMK_1_0355c_0002.html
0945-RMNY-0357,0024,http://mek.oszk.hu/12400/12441/html/RMK_1_0355c_0003.html
0061-RMNY-0353,0108,http://mek.oszk.hu/08800/08838/html/hu_b1_rmk-1-113a_480.html
0062-RMNY-0353,0011,http://mek.oszk.hu/08800/08838/html/hu_b1_rmk-1-113a_381.html
0065-RMNY-0353,0102,http://mek.oszk.hu/08800/08838/html/hu_b1_rmk-1-113a_110.html
0068-RMNY-0353,0075,http://mek.oszk.hu/08800/08838/html/hu_b1_rmk-1-113a_444.html
0074-RMNY-0353,0073,http://mek.oszk.hu/08800/08838/html/hu_b1_rmk-1-113a_446.html
0083-RMNY-0353,0001,http://mek.oszk.hu/08800/08838/html/hu_b1_rmk-1-113a_371.html
0085-RMNY-0353,0145,http://mek.oszk.hu/08800/08838/html/hu_b1_rmk-1-113a_153.html
0094-RMNY-0353,0027,http://mek.oszk.hu/08800/08838/html/hu_b1_rmk-1-113a_397.html
0101-RMNY-0351,0314,http://mek.oszk.hu/12500/12523/html/RMK_I_0112_0320.html
0139-RMNY-0353,0126,http://mek.oszk.hu/08800/08838/html/hu_b1_rmk-1-113a_499.html
0144-RMNY-0351,0407,http://mek.oszk.hu/12500/12523/html/RMK_I_0112_0415.html
0202-RMNY-0353,0078,http://mek.oszk.hu/08800/08838/html/hu_b1_rmk-1-113a_450.html
0219-RMNY-0353,0022,http://mek.oszk.hu/08800/08838/html/hu_b1_rmk-1-113a_393.html
0222-RMNY-0353,0347,http://mek.oszk.hu/08800/08838/html/hu_b1_rmk-1-113a_364.html
0235-RMNY-0353,0269,http://mek.oszk.hu/08800/08838/html/hu_b1_rmk-1-113a_277.html
0243-RMNY-0353,0190,http://mek.oszk.hu/08800/08838/html/hu_b1_rmk-1-113a_199.html
0252-RMNY-0353,0006,http://mek.oszk.hu/08800/08838/html/hu_b1_rmk-1-113a_376.html
0258-RMNY-0353,0183,http://mek.oszk.hu/08800/08838/html/hu_b1_rmk-1-113a_192.html
0261-RMNY-0385,0000,http://mek.oszk.hu/12200/12277/html/RMK_1_0128_0001.html
0271-RMNY-0671,0148,http://mek.oszk.hu/12600/12639/html/rmk-1_249_0316.html
0285-RMNY-0353,0239,http://mek.oszk.hu/08800/08838/html/hu_b1_rmk-1-113a_248.html
0295-RMNY-0353,0184,http://mek.oszk.hu/08800/08838/html/hu_b1_rmk-1-113a_193.html
0897-RMNY-0353,0063,http://mek.oszk.hu/08800/08838/html/hu_b1_rmk-1-113a_071.html
0347-RMNY-0353,0067,http://mek.oszk.hu/08800/08838/html/hu_b1_rmk-1-113a_075.html
0413-RMNY-0353,0068,http://mek.oszk.hu/08800/08838/html/hu_b1_rmk-1-113a_076.html
0301-RMNY-0353,0064,http://mek.oszk.hu/08800/08838/html/hu_b1_rmk-1-113a_072.html
0340-RMNY-0353,0128,http://mek.oszk.hu/08800/08838/html/hu_b1_rmk-1-113a_500.html
0363-RMNY-0353,0020,http://mek.oszk.hu/08800/08838/html/hu_b1_rmk-1-113a_390.html
0366-RMNY-0353,0013,http://mek.oszk.hu/08800/08838/html/hu_b1_rmk-1-113a_383.html
0368-RMNY-0353,0004,http://mek.oszk.hu/08800/08838/html/hu_b1_rmk-1-113a_375.html
0374-RMNY-0353,0124,http://mek.oszk.hu/08800/08838/html/hu_b1_rmk-1-113a_496.html
0379-RMNY-0353,0098,http://mek.oszk.hu/08800/08838/html/hu_b1_rmk-1-113a_471.html
0392-RMNY-0353,0054,http://mek.oszk.hu/08800/08838/html/hu_b1_rmk-1-113a_426.html
0667-RMNY-0353,0151,http://mek.oszk.hu/08800/08838/html/hu_b1_rmk-1-113a_160.html
0565-RMNY-0353,0030,http://mek.oszk.hu/08800/08838/html/hu_b1_rmk-1-113a_040.html
0080-RMNY-0353,0040,http://mek.oszk.hu/08800/08838/html/hu_b1_rmk-1-113a_049.html
0409-RMNY-0353,0085,http://mek.oszk.hu/08800/08838/html/hu_b1_rmk-1-113a_457.html
0410-RMNY-0353,0005,http://mek.oszk.hu/08800/08838/html/hu_b1_rmk-1-113a_376.html
0411-RMNY-0353,0345,http://mek.oszk.hu/08800/08838/html/hu_b1_rmk-1-113a_366.html
0412-RMNY-0353,0062,http://mek.oszk.hu/08800/08838/html/hu_b1_rmk-1-113a_070.html
0417-RMNY-0353,0008,http://mek.oszk.hu/08800/08838/html/hu_b1_rmk-1-113a_379.html
0421-RMNY-0353,0106,http://mek.oszk.hu/08800/08838/html/hu_b1_rmk-1-113a_479.html
0434-RMNY-0353,0222,http://mek.oszk.hu/08800/08838/html/hu_b1_rmk-1-113a_230.html
0444-RMNY-0353,0031,http://mek.oszk.hu/08800/08838/html/hu_b1_rmk-1-113a_401.html
0476-RMNY-0353,0303,http://mek.oszk.hu/08800/08838/html/hu_b1_rmk-1-113a_311.html
0478-RMNY-0353,0010,http://mek.oszk.hu/08800/08838/html/hu_b1_rmk-1-113a_380.html
0481-RMNY-0353,0201,http://mek.oszk.hu/08800/08838/html/hu_b1_rmk-1-113a_209.html
0482-RMNY-0353,0105,http://mek.oszk.hu/08800/08838/html/hu_b1_rmk-1-113a_478.html
0483-RMNY-0353,0069,http://mek.oszk.hu/08800/08838/html/hu_b1_rmk-1-113a_078.html
0484-RMNY-0353,0344,http://mek.oszk.hu/08800/08838/html/hu_b1_rmk-1-113a_365.html
0494-RMNY-0353,0238,http://mek.oszk.hu/08800/08838/html/hu_b1_rmk-1-113a_246.html
0496-RMNY-0353,0232,http://mek.oszk.hu/08800/08838/html/hu_b1_rmk-1-113a_241.html
0497-RMNY-0353,0019,http://mek.oszk.hu/08800/08838/html/hu_b1_rmk-1-113a_389.html
0498-RMNY-0353,0002,http://mek.oszk.hu/08800/08838/html/hu_b1_rmk-1-113a_373.html
0511-RMNY-0351,0234,http://mek.oszk.hu/12500/12523/html/RMK_I_0112_0240.html
0516-RMNY-0353,0053,http://mek.oszk.hu/08800/08838/html/hu_b1_rmk-1-113a_424.html
0533-RMNY-0353,0221,http://mek.oszk.hu/08800/08838/html/hu_b1_rmk-1-113a_229.html
0540-RMNY-0353,0096,http://mek.oszk.hu/08800/08838/html/hu_b1_rmk-1-113a_104.html
0550-RMNY-0353,0056,http://mek.oszk.hu/08800/08838/html/hu_b1_rmk-1-113a_427.html
0867-RMNY-0351,0033,http://mek.oszk.hu/12500/12523/html/RMK_I_0112_0037.html
0577-RMNY-0353,0108,http://mek.oszk.hu/08800/08838/html/hu_b1_rmk-1-113a_117.html
0583-RMNY-0353,0015,http://mek.oszk.hu/08800/08838/html/hu_b1_rmk-1-113a_024.html
0092-RMNY-0353,0031,http://mek.oszk.hu/08800/08838/html/hu_b1_rmk-1-113a_041.html
0562-RMNY-0353,0023,http://mek.oszk.hu/08800/08838/html/hu_b1_rmk-1-113a_032.html
0584-RMNY-0353,0005,http://mek.oszk.hu/08800/08838/html/hu_b1_rmk-1-113a_014.html
0585-RMNY-0353,0233,http://mek.oszk.hu/08800/08838/html/hu_b1_rmk-1-113a_242.html
0590-RMNY-0353,0063,http://mek.oszk.hu/08800/08838/html/hu_b1_rmk-1-113a_434.html
0618-RMNY-0353,0099,http://mek.oszk.hu/08800/08838/html/hu_b1_rmk-1-113a_472.html
0626-RMNY-0353,0115,http://mek.oszk.hu/08800/08838/html/hu_b1_rmk-1-113a_487.html
0629-RMNY-0351,0369,http://mek.oszk.hu/12500/12523/html/RMK_I_0112_0379.html
0634-RMNY-0458,0000,http://mek.oszk.hu/12000/12022/html/RMK_I_0165_0001.html
0639-RMNY-0353,0029,http://mek.oszk.hu/08800/08838/html/hu_b1_rmk-1-113a_399.html
0640-RMNY-0353,0176,http://mek.oszk.hu/08800/08838/html/hu_b1_rmk-1-113a_185.html
0643-RMNY-0353,0008,http://mek.oszk.hu/08800/08838/html/hu_b1_rmk-1-113a_378.html
0645-RMNY-0353,0081,http://mek.oszk.hu/08800/08838/html/hu_b1_rmk-1-113a_452.html
0649-RMNY-0353,0170,http://mek.oszk.hu/08800/08838/html/hu_b1_rmk-1-113a_179.html
0654-RMNY-0353,0316,http://mek.oszk.hu/08800/08838/html/hu_b1_rmk-1-113a_325.html
0503-RMNY-0353,0317,http://mek.oszk.hu/08800/08838/html/hu_b1_rmk-1-113a_326.html
0731-RMNY-0353,0318,http://mek.oszk.hu/08800/08838/html/hu_b1_rmk-1-113a_327.html
0774-RMNY-0353,0319,http://mek.oszk.hu/08800/08838/html/hu_b1_rmk-1-113a_327.html
0702-RMNY-0353,0320,http://mek.oszk.hu/08800/08838/html/hu_b1_rmk-1-113a_328.html
0697-RMNY-0353,0315,http://mek.oszk.hu/08800/08838/html/hu_b1_rmk-1-113a_324.html
2050-RMNY-0353,0322,http://mek.oszk.hu/08800/08838/html/hu_b1_rmk-1-113a_330.html
0656-RMNY-0353,0186,http://mek.oszk.hu/08800/08838/html/hu_b1_rmk-1-113a_195.html
0657-RMNY-0353,0003,http://mek.oszk.hu/08800/08838/html/hu_b1_rmk-1-113a_374.html
0659-RMNY-0353,0126,http://mek.oszk.hu/08800/08838/html/hu_b1_rmk-1-113a_498.html
3512-RMNY-0353,0141,http://mek.oszk.hu/08800/08838/html/hu_b1_rmk-1-113a_149.html
0671-RMNY-0353,0206,http://mek.oszk.hu/08800/08838/html/hu_b1_rmk-1-113a_214.html
0678-RMNY-0353,0234,http://mek.oszk.hu/08800/08838/html/hu_b1_rmk-1-113a_243.html
0682-RMNY-0353,0218,http://mek.oszk.hu/08800/08838/html/hu_b1_rmk-1-113a_227.html
0683-RMNY-0351,0121,http://mek.oszk.hu/12500/12523/html/RMK_I_0112_0128.html
0692-RMNY-0956,0000,http://mek.oszk.hu/12100/12140/html/RMK_I_0362_0001.html
0695-RMNY-0353,0146,http://mek.oszk.hu/08800/08838/html/hu_b1_rmk-1-113a_154.html
0699-RMNY-0353,0147,http://mek.oszk.hu/08800/08838/html/hu_b1_rmk-1-113a_156.html
0700-RMNY-0353,0313,http://mek.oszk.hu/08800/08838/html/hu_b1_rmk-1-113a_322.html
0720-RMNY-0353,0023,http://mek.oszk.hu/08800/08838/html/hu_b1_rmk-1-113a_394.html
0733-RMNY-0353,0266,http://mek.oszk.hu/08800/08838/html/hu_b1_rmk-1-113a_275.html
0734-RMNY-0353,0267,http://mek.oszk.hu/08800/08838/html/hu_b1_rmk-1-113a_275.html
0739-RMNY-0353,0015,http://mek.oszk.hu/08800/08838/html/hu_b1_rmk-1-113a_385.html
0775-RMNY-0353,0128,http://mek.oszk.hu/08800/08838/html/hu_b1_rmk-1-113a_136.html
0781-RMNY-0353,0007,http://mek.oszk.hu/08800/08838/html/hu_b1_rmk-1-113a_378.html
0782-RMNY-0353,0281,http://mek.oszk.hu/08800/08838/html/hu_b1_rmk-1-113a_290.html
0784-RMNY-0353,0275,http://mek.oszk.hu/08800/08838/html/hu_b1_rmk-1-113a_284.html
0785-RMNY-0353,0284,http://mek.oszk.hu/08800/08838/html/hu_b1_rmk-1-113a_292.html
0786-RMNY-0353,0277,http://mek.oszk.hu/08800/08838/html/hu_b1_rmk-1-113a_286.html
0791-RMNY-0353,0273,http://mek.oszk.hu/08800/08838/html/hu_b1_rmk-1-113a_282.html
0792-RMNY-0353,0272,http://mek.oszk.hu/08800/08838/html/hu_b1_rmk-1-113a_280.html
0794-RMNY-0353,0276,http://mek.oszk.hu/08800/08838/html/hu_b1_rmk-1-113a_285.html
0799-RMNY-0353,0188,http://mek.oszk.hu/08800/08838/html/hu_b1_rmk-1-113a_196.html
0666-RMNY-0869,0047,http://mek.oszk.hu/12200/12295/html/RMK_I_0315_0110.html
1115-RMNY-0869,0050,http://mek.oszk.hu/12200/12295/html/RMK_I_0315_0115.html
0805-RMNY-0869,0046,http://mek.oszk.hu/12200/12295/html/RMK_I_0315_0108.html
1475-RMNY-0869,0051,http://mek.oszk.hu/12200/12295/html/RMK_I_0315_0117.html
0935-RMNY-0869,0049,http://mek.oszk.hu/12200/12295/html/RMK_I_0315_0113.html
0806-RMNY-0353,0301,http://mek.oszk.hu/08800/08838/html/hu_b1_rmk-1-113a_309.html
0808-RMNY-0353,0299,http://mek.oszk.hu/08800/08838/html/hu_b1_rmk-1-113a_308.html
0819-RMNY-0351,0004,http://mek.oszk.hu/12500/12523/html/RMK_I_0112_0008.html
0829-RMNY-0353,0041,http://mek.oszk.hu/08800/08838/html/hu_b1_rmk-1-113a_050.html
0834-RMNY-0353,0026,http://mek.oszk.hu/08800/08838/html/hu_b1_rmk-1-113a_397.html
0019-RMNY-0353,0305,http://mek.oszk.hu/08800/08838/html/hu_b1_rmk-1-113a_313.html
0060-RMNY-0353,0317,http://mek.oszk.hu/08800/08838/html/hu_b1_rmk-1-113a_325.html
0850-RMNY-0353,0070,http://mek.oszk.hu/08800/08838/html/hu_b1_rmk-1-113a_441.html
0859-RMNY-0353,0004,http://mek.oszk.hu/08800/08838/html/hu_b1_rmk-1-113a_374.html
0870-RMNY-0353,0127,http://mek.oszk.hu/08800/08838/html/hu_b1_rmk-1-113a_500.html
0888-RMNY-0353,0149,http://mek.oszk.hu/08800/08838/html/hu_b1_rmk-1-113a_157.html
0896-RMNY-0353,0345,http://mek.oszk.hu/08800/08838/html/hu_b1_rmk-1-113a_367.html
0903-RMNY-0353,0192,http://mek.oszk.hu/08800/08838/html/hu_b1_rmk-1-113a_201.html
0910-RMNY-0353,0094,http://mek.oszk.hu/08800/08838/html/hu_b1_rmk-1-113a_103.html
0912-RMNY-0353,0114,http://mek.oszk.hu/08800/08838/html/hu_b1_rmk-1-113a_486.html
0914-RMNY-0353,0122,http://mek.oszk.hu/08800/08838/html/hu_b1_rmk-1-113a_131.html
0915-RMNY-0353,0117,http://mek.oszk.hu/08800/08838/html/hu_b1_rmk-1-113a_489.html
0916-RMNY-0353,0055,http://mek.oszk.hu/08800/08838/html/hu_b1_rmk-1-113a_063.html
0920-RMNY-0353,0004,http://mek.oszk.hu/08800/08838/html/hu_b1_rmk-1-113a_374.html
0934-RMNY-0353,0179,http://mek.oszk.hu/08800/08838/html/hu_b1_rmk-1-113a_188.html
0945-RMNY-0353,0096,http://mek.oszk.hu/08800/08838/html/hu_b1_rmk-1-113a_468.html
0952-RMNY-0353,0088,http://mek.oszk.hu/08800/08838/html/hu_b1_rmk-1-113a_460.html
0957-RMNY-0353,0105,http://mek.oszk.hu/08800/08838/html/hu_b1_rmk-1-113a_114.html
0971-RMNY-0353,0143,http://mek.oszk.hu/08800/08838/html/hu_b1_rmk-1-113a_152.html
0972-RMNY-0353,0142,http://mek.oszk.hu/08800/08838/html/hu_b1_rmk-1-113a_151.html
0977-RMNY-0353,0117,http://mek.oszk.hu/08800/08838/html/hu_b1_rmk-1-113a_126.html
0983-RMNY-0353,0046,http://mek.oszk.hu/08800/08838/html/hu_b1_rmk-1-113a_418.html
0988-RMNY-0353,0115,http://mek.oszk.hu/08800/08838/html/hu_b1_rmk-1-113a_124.html
0990-RMNY-0353,0181,http://mek.oszk.hu/08800/08838/html/hu_b1_rmk-1-113a_189.html
0993-RMNY-0353,0235,http://mek.oszk.hu/08800/08838/html/hu_b1_rmk-1-113a_244.html
0996-RMNY-0353,0052,http://mek.oszk.hu/08800/08838/html/hu_b1_rmk-1-113a_423.html
1002-RMNY-0353,0113,http://mek.oszk.hu/08800/08838/html/hu_b1_rmk-1-113a_485.html
1015-RMNY-0348,0000,http://mek.oszk.hu/12000/12046/html/RMK_I_0109_0001.html
1017-RMNY-0353,0041,http://mek.oszk.hu/08800/08838/html/hu_b1_rmk-1-113a_413.html
1022-RMNY-0353,0295,http://mek.oszk.hu/08800/08838/html/hu_b1_rmk-1-113a_303.html
1024-RMNY-0357,0027,http://mek.oszk.hu/12400/12441/html/RMK_1_0355c_0004.html
1031-RMNY-0353,0090,http://mek.oszk.hu/08800/08838/html/hu_b1_rmk-1-113a_462.html
1042-RMNY-0353,0100,http://mek.oszk.hu/08800/08838/html/hu_b1_rmk-1-113a_471.html
1065-RMNY-0468,0000,http://mek.oszk.hu/12000/12027/html/RMK_I_0174_0001.html
1065-RMNY-0351,0088,http://mek.oszk.hu/12500/12523/html/RMK_I_0112_0094.html
1066-RMNY-0353,0216,http://mek.oszk.hu/08800/08838/html/hu_b1_rmk-1-113a_225.html
0448-RMNY-0353,0190,http://mek.oszk.hu/08800/08838/html/hu_b1_rmk-1-113a_198.html
0698-RMNY-0353,0147,http://mek.oszk.hu/08800/08838/html/hu_b1_rmk-1-113a_155.html
0719-RMNY-0353,0024,http://mek.oszk.hu/08800/08838/html/hu_b1_rmk-1-113a_395.html
0790-RMNY-0353,0283,http://mek.oszk.hu/08800/08838/html/hu_b1_rmk-1-113a_291.html
0925-RMNY-0353,0060,http://mek.oszk.hu/08800/08838/html/hu_b1_rmk-1-113a_432.html
0817-RMNY-0353,0279,http://mek.oszk.hu/08800/08838/html/hu_b1_rmk-1-113a_288.html
1114-RMNY-0353,0111,http://mek.oszk.hu/08800/08838/html/hu_b1_rmk-1-113a_119.html
1117-RMNY-0353,0236,http://mek.oszk.hu/08800/08838/html/hu_b1_rmk-1-113a_245.html
1120-RMNY-0353,0065,http://mek.oszk.hu/08800/08838/html/hu_b1_rmk-1-113a_073.html
1121-RMNY-0353,0111,http://mek.oszk.hu/08800/08838/html/hu_b1_rmk-1-113a_484.html
1122-RMNY-0353,0048,http://mek.oszk.hu/08800/08838/html/hu_b1_rmk-1-113a_057.html
1126-RMNY-0353,0003,http://mek.oszk.hu/08800/08838/html/hu_b1_rmk-1-113a_373.html
1127-RMNY-0353,0003,http://mek.oszk.hu/08800/08838/html/hu_b1_rmk-1-113a_374.html
1129-RMNY-0353,0066,http://mek.oszk.hu/08800/08838/html/hu_b1_rmk-1-113a_074.html
1148-RMNY-0353,0107,http://mek.oszk.hu/08800/08838/html/hu_b1_rmk-1-113a_479.html
1162-RMNY-0353,0251,http://mek.oszk.hu/08800/08838/html/hu_b1_rmk-1-113a_260.html
1165-RMNY-0353,0014,http://mek.oszk.hu/08800/08838/html/hu_b1_rmk-1-113a_024.html
1218-RMNY-0353,0191,http://mek.oszk.hu/08800/08838/html/hu_b1_rmk-1-113a_200.html
1231-RMNY-0353,0066,http://mek.oszk.hu/08800/08838/html/hu_b1_rmk-1-113a_438.html
1244-RMNY-0351,0216,http://mek.oszk.hu/12500/12523/html/RMK_I_0112_0222.html
1245-RMNY-0351,0140,http://mek.oszk.hu/12500/12523/html/RMK_I_0112_0146.html
1247-RMNY-0351,0445,http://mek.oszk.hu/12500/12523/html/RMK_I_0112_0453.html
1250-RMNY-0439,0000,http://mek.oszk.hu/12000/12023/html/RMK_I_0156_0001.html
1259-RMNY-0353,0065,http://mek.oszk.hu/08800/08838/html/hu_b1_rmk-1-113a_437.html
1263-RMNY-0353,0048,http://mek.oszk.hu/08800/08838/html/hu_b1_rmk-1-113a_420.html
1270-RMNY-0351,0073,http://mek.oszk.hu/12500/12523/html/RMK_I_0112_0078.html
1270-RMNY-0468,0000,http://mek.oszk.hu/12000/12027/html/RMK_I_0174_0001.html
1287-RMNY-0438,0000,http://mek.oszk.hu/12000/12030/html/RMK_I_0155_0001.html
1295-RMNY-0353,0038,http://mek.oszk.hu/08800/08838/html/hu_b1_rmk-1-113a_409.html
1300-RMNY-0353,0119,http://mek.oszk.hu/08800/08838/html/hu_b1_rmk-1-113a_492.html
1309-RMNY-0353,0039,http://mek.oszk.hu/08800/08838/html/hu_b1_rmk-1-113a_411.html
1313-RMNY-0353,0173,http://mek.oszk.hu/08800/08838/html/hu_b1_rmk-1-113a_182.html
1326-RMNY-0353,0107,http://mek.oszk.hu/08800/08838/html/hu_b1_rmk-1-113a_116.html
1334-RMNY-0351,0203,http://mek.oszk.hu/12500/12523/html/RMK_I_0112_0209.html
1345-RMNY-0353,0104,http://mek.oszk.hu/08800/08838/html/hu_b1_rmk-1-113a_476.html
1356-RMNY-0353,0028,http://mek.oszk.hu/08800/08838/html/hu_b1_rmk-1-113a_398.html
1364-RMNY-0353,0022,http://mek.oszk.hu/08800/08838/html/hu_b1_rmk-1-113a_392.html
1368-RMNY-0353,0011,http://mek.oszk.hu/08800/08838/html/hu_b1_rmk-1-113a_382.html
1371-RMNY-0353,0210,http://mek.oszk.hu/08800/08838/html/hu_b1_rmk-1-113a_219.html
1378-RMNY-0353,0001,http://mek.oszk.hu/08800/08838/html/hu_b1_rmk-1-113a_372.html
1381-RMNY-0351,0253,http://mek.oszk.hu/12500/12523/html/RMK_I_0112_0259.html
1389-RMNY-1059,0043,http://mek.oszk.hu/12500/12575/html/rmk-1_443.html
1400-RMNY-0353,0289,http://mek.oszk.hu/08800/08838/html/hu_b1_rmk-1-113a_297.html
1403-RMNY-0353,0329,http://mek.oszk.hu/08800/08838/html/hu_b1_rmk-1-113a_338.html
1124-RMNY-0353,0327,http://mek.oszk.hu/08800/08838/html/hu_b1_rmk-1-113a_336.html
1102-RMNY-0353,0328,http://mek.oszk.hu/08800/08838/html/hu_b1_rmk-1-113a_336.html
1096-RMNY-0353,0328,http://mek.oszk.hu/08800/08838/html/hu_b1_rmk-1-113a_337.html
1418-RMNY-0353,0007,http://mek.oszk.hu/08800/08838/html/hu_b1_rmk-1-113a_377.html
1425-RMNY-0353,0118,http://mek.oszk.hu/08800/08838/html/hu_b1_rmk-1-113a_490.html
1428-RMNY-0353,0102,http://mek.oszk.hu/08800/08838/html/hu_b1_rmk-1-113a_474.html
1437-RMNY-0353,0061,http://mek.oszk.hu/08800/08838/html/hu_b1_rmk-1-113a_433.html
1438-RMNY-0353,0009,http://mek.oszk.hu/08800/08838/html/hu_b1_rmk-1-113a_380.html
1448-RMNY-0353,0287,http://mek.oszk.hu/08800/08838/html/hu_b1_rmk-1-113a_296.html
1496-RMNY-0353,0033,http://mek.oszk.hu/08800/08838/html/hu_b1_rmk-1-113a_403.html
0735-RMNY-0353,0020,http://mek.oszk.hu/08800/08838/html/hu_b1_rmk-1-113a_391.html
0872-RMNY-0353,0217,http://mek.oszk.hu/08800/08838/html/hu_b1_rmk-1-113a_225.html
